faculty_id_a,faculty_id_b,label
F01,F02,2
F01,F03,2
F01,F04,2
F01,F05,1
F01,F06,1
F01,F07,0
F01,F08,1
F01,F09,1
F01,F10,0
F01,F11,0
F01,F12,0
F01,F13,0
F01,F14,1
F01,F15,0
F01,F16,0
F01,F17,0
F01,F18,1
F01,F19,0
F01,F20,1
F01,F21,1
F01,F22,0
F01,F23,0
F01,F24,0
F01,F25,0
F01,F26,0
F01,F27,0
F01,F28,0
F01,F29,0
F01,F30,0
F01,F31,0
F01,F32,0
F02,F03,2
F02,F04,2
F02,F05,1
F02,F06,1
F02,F07,1
F02,F08,1
F02,F09,1
F02,F10,0
F02,F11,0
F02,F12,0
F02,F13,0
F02,F14,1
F02,F15,0
F02,F16,0
F02,F17,0
F02,F18,1
F02,F19,0
F02,F20,1
F02,F21,1
F02,F22,0
F02,F23,0
F02,F24,0
F02,F25,0
F02,F26,1
F02,F27,0
F02,F28,0
F02,F29,0
F02,F30,0
F02,F31,1
F02,F32,0
F03,F04,2
F03,F05,1
F03,F06,1
F03,F07,0
F03,F08,1
F03,F09,1
F03,F10,0
F03,F11,0
F03,F12,0
F03,F13,0
F03,F14,1
F03,F15,0
F03,F16,0
F03,F17,0
F03,F18,1
F03,F19,0
F03,F20,1
F03,F21,1
F03,F22,0
F03,F23,0
F03,F24,0
F03,F25,0
F03,F26,0
F03,F27,0
F03,F28,0
F03,F29,0
F03,F30,0
F03,F31,0
F03,F32,0
F04,F05,1
F04,F06,1
F04,F07,1
F04,F08,1
F04,F09,1
F04,F10,0
F04,F11,0
F04,F12,0
F04,F13,0
F04,F14,1
F04,F15,0
F04,F16,0
F04,F17,0
F04,F18,1
F04,F19,0
F04,F20,1
F04,F21,1
F04,F22,0
F04,F23,0
F04,F24,0
F04,F25,0
F04,F26,1
F04,F27,0
F04,F28,0
F04,F29,0
F04,F30,0
F04,F31,1
F04,F32,0
F05,F06,2
F05,F07,2
F05,F08,2
F05,F09,1
F05,F10,0
F05,F11,0
F05,F12,0
F05,F13,0
F05,F14,1
F05,F15,0
F05,F16,0
F05,F17,0
F05,F18,1
F05,F19,0
F05,F20,1
F05,F21,1
F05,F22,0
F05,F23,0
F05,F24,0
F05,F25,0
F05,F26,1
F05,F27,0
F05,F28,0
F05,F29,0
F05,F30,0
F05,F31,1
F05,F32,0
F06,F07,2
F06,F08,2
F06,F09,1
F06,F10,0
F06,F11,0
F06,F12,0
F06,F13,0
F06,F14,1
F06,F15,0
F06,F16,0
F06,F17,0
F06,F18,1
F06,F19,0
F06,F20,1
F06,F21,1
F06,F22,0
F06,F23,0
F06,F24,0
F06,F25,0
F06,F26,1
F06,F27,0
F06,F28,0
F06,F29,0
F06,F30,0
F06,F31,1
F06,F32,0
F07,F08,2
F07,F09,0
F07,F10,0
F07,F11,0
F07,F12,0
F07,F13,0
F07,F14,0
F07,F15,0
F07,F16,0
F07,F17,0
F07,F18,0
F07,F19,0
F07,F20,0
F07,F21,0
F07,F22,0
F07,F23,0
F07,F24,0
F07,F25,0
F07,F26,1
F07,F27,0
F07,F28,0
F07,F29,0
F07,F30,0
F07,F31,1
F07,F32,0
F08,F09,1
F08,F10,0
F08,F11,0
F08,F12,0
F08,F13,0
F08,F14,1
F08,F15,0
F08,F16,0
F08,F17,0
F08,F18,1
F08,F19,0
F08,F20,1
F08,F21,1
F08,F22,0
F08,F23,0
F08,F24,0
F08,F25,0
F08,F26,1
F08,F27,0
F08,F28,0
F08,F29,0
F08,F30,0
F08,F31,1
F08,F32,0
F09,F10,2
F09,F11,2
F09,F12,2
F09,F13,0
F09,F14,1
F09,F15,0
F09,F16,0
F09,F17,0
F09,F18,1
F09,F19,0
F09,F20,1
F09,F21,1
F09,F22,1
F09,F23,1
F09,F24,1
F09,F25,0
F09,F26,0
F09,F27,0
F09,F28,0
F09,F29,0
F09,F30,0
F09,F31,0
F09,F32,0
F10,F11,2
F10,F12,2
F10,F13,0
F10,F14,0
F10,F15,0
F10,F16,0
F10,F17,0
F10,F18,0
F10,F19,0
F10,F20,0
F10,F21,1
F10,F22,1
F10,F23,1
F10,F24,1
F10,F25,0
F10,F26,0
F10,F27,0
F10,F28,0
F10,F29,0
F10,F30,0
F10,F31,0
F10,F32,0
F11,F12,2
F11,F13,0
F11,F14,0
F11,F15,0
F11,F16,0
F11,F17,0
F11,F18,0
F11,F19,0
F11,F20,0
F11,F21,0
F11,F22,1
F11,F23,1
F11,F24,1
F11,F25,0
F11,F26,0
F11,F27,0
F11,F28,0
F11,F29,0
F11,F30,0
F11,F31,0
F11,F32,0
F12,F13,0
F12,F14,0
F12,F15,0
F12,F16,0
F12,F17,0
F12,F18,0
F12,F19,0
F12,F20,0
F12,F21,1
F12,F22,1
F12,F23,1
F12,F24,1
F12,F25,0
F12,F26,0
F12,F27,0
F12,F28,0
F12,F29,0
F12,F30,0
F12,F31,0
F12,F32,0
F13,F14,2
F13,F15,2
F13,F16,2
F13,F17,1
F13,F18,1
F13,F19,1
F13,F20,1
F13,F21,0
F13,F22,0
F13,F23,0
F13,F24,0
F13,F25,0
F13,F26,0
F13,F27,0
F13,F28,0
F13,F29,0
F13,F30,0
F13,F31,0
F13,F32,0
F14,F15,2
F14,F16,2
F14,F17,1
F14,F18,1
F14,F19,1
F14,F20,1
F14,F21,1
F14,F22,0
F14,F23,0
F14,F24,0
F14,F25,0
F14,F26,0
F14,F27,0
F14,F28,0
F14,F29,0
F14,F30,0
F14,F31,0
F14,F32,0
F15,F16,2
F15,F17,1
F15,F18,1
F15,F19,1
F15,F20,1
F15,F21,0
F15,F22,0
F15,F23,0
F15,F24,0
F15,F25,0
F15,F26,0
F15,F27,0
F15,F28,0
F15,F29,0
F15,F30,0
F15,F31,0
F15,F32,0
F16,F17,1
F16,F18,1
F16,F19,1
F16,F20,1
F16,F21,0
F16,F22,0
F16,F23,0
F16,F24,0
F16,F25,0
F16,F26,0
F16,F27,0
F16,F28,0
F16,F29,0
F16,F30,0
F16,F31,0
F16,F32,0
F17,F18,2
F17,F19,2
F17,F20,2
F17,F21,0
F17,F22,0
F17,F23,0
F17,F24,0
F17,F25,1
F17,F26,1
F17,F27,1
F17,F28,1
F17,F29,0
F17,F30,1
F17,F31,0
F17,F32,1
F18,F19,2
F18,F20,2
F18,F21,1
F18,F22,0
F18,F23,0
F18,F24,0
F18,F25,1
F18,F26,1
F18,F27,1
F18,F28,1
F18,F29,0
F18,F30,1
F18,F31,0
F18,F32,1
F19,F20,2
F19,F21,0
F19,F22,0
F19,F23,0
F19,F24,0
F19,F25,0
F19,F26,0
F19,F27,0
F19,F28,0
F19,F29,0
F19,F30,0
F19,F31,0
F19,F32,0
F20,F21,1
F20,F22,0
F20,F23,0
F20,F24,0
F20,F25,0
F20,F26,0
F20,F27,0
F20,F28,0
F20,F29,0
F20,F30,0
F20,F31,0
F20,F32,0
F21,F22,2
F21,F23,2
F21,F24,2
F21,F25,0
F21,F26,0
F21,F27,0
F21,F28,0
F21,F29,0
F21,F30,0
F21,F31,0
F21,F32,0
F22,F23,2
F22,F24,2
F22,F25,0
F22,F26,0
F22,F27,0
F22,F28,0
F22,F29,0
F22,F30,0
F22,F31,0
F22,F32,0
F23,F24,2
F23,F25,0
F23,F26,0
F23,F27,0
F23,F28,0
F23,F29,0
F23,F30,0
F23,F31,0
F23,F32,0
F24,F25,0
F24,F26,0
F24,F27,0
F24,F28,0
F24,F29,0
F24,F30,0
F24,F31,0
F24,F32,0
F25,F26,2
F25,F27,2
F25,F28,2
F25,F29,1
F25,F30,1
F25,F31,1
F25,F32,1
F26,F27,2
F26,F28,2
F26,F29,1
F26,F30,1
F26,F31,1
F26,F32,1
F27,F28,2
F27,F29,1
F27,F30,1
F27,F31,1
F27,F32,1
F28,F29,1
F28,F30,1
F28,F31,1
F28,F32,1
F29,F30,2
F29,F31,2
F29,F32,2
F30,F31,2
F30,F32,2
F31,F32,2
